{
    "result": {
        "item": "projecte:fuel_block",
        "count": 1,
        "data": 0
    },
    "ingredients": [
        [
            { "item": "projecte:item.pe_philosophers_stone" }
        ],
        [
            { "item": "minecraft:coal_block" }
        ],
        [
            { "item": "minecraft:coal_block" }
        ],
        [
            { "item": "minecraft:coal_block" }
        ],
        [
            { "item": "minecraft:coal_block" }
        ]
    ],
    "type": "forge:ore_shapeless"
}