{
    "result": {
        "item": "projecte:fuel_block",
        "count": 1,
        "data": 1
    },
    "ingredients": [
        [
            { "item": "projecte:item.pe_philosophers_stone" }
        ],
        [
            {
                "item": "projecte:fuel_block",
                "data": 0
            }
        ],
        [
            {
                "item": "projecte:fuel_block",
                "data": 0
            }
        ],
        [
            {
                "item": "projecte:fuel_block",
                "data": 0
            }
        ],
        [
            {
                "item": "projecte:fuel_block",
                "data": 0
            }
        ]
    ],
    "type": "forge:ore_shapeless"
}