{
    "type": "minecraft:crafting_shaped",

    "pattern":
    [
      "323",
      " 1 "
    ],

    "key":
   {
          "1":
          {
            "item": "minecraft:deadbush"
          },
          "2":
          {
            "item": "minecraft:dye",
            "data": 15
          },
          "3":
          {
            "item": "twilightforest:magic_leaves",
            "data": 0
          }
   },

    "result":
    {
        "item": "twilightforest:twilight_sapling",
        "count": 1,
        "data": 5
    }
}